text,true_label,pred_label,confidence
im feeling rather rotten so im not very ambitious right now,sadness,sadness,0.8605
im updating my blog because i feel shitty,sadness,sadness,0.9388
i never make her separate from me because i don t ever want her to feel like i m ashamed with her,sadness,sadness,0.9472
i left with my bouquet of red and yellow tulips under my arm feeling slightly more optimistic than when i arrived,joy,joy,0.9435
i was feeling a little vain when i did this one,sadness,sadness,0.941
i cant walk into a shop anywhere where i do not feel uncomfortable,fear,fear,0.7423
i felt anger when at the end of a telephone call,anger,anger,0.6587
i explain why i clung to a relationship with a boy who was in many ways immature and uncommitted despite the excitement i should have been feeling for getting accepted into the masters program at the university of virginia,joy,joy,0.6541
i like to have the same breathless feeling as a reader eager to see what will happen next,joy,joy,0.8604
i jest i feel grumpy tired and pre menstrual which i probably am but then again its only been a week and im about as fit as a walrus on vacation for the summer,anger,anger,0.4929
i don t feel particularly agitated,fear,fear,0.4511
i feel beautifully emotional knowing that these women of whom i knew just a handful were holding me and my baba on our journey,sadness,joy,0.8494
i pay attention it deepens into a feeling of being invaded and helpless,fear,anger,0.4704
i just feel extremely comfortable with the group of people that i dont even need to hide myself,joy,joy,0.9134
i find myself in the odd position of feeling supportive of,love,joy,0.5014
i was feeling as heartbroken as im sure katniss was,sadness,sadness,0.9354
i feel a little mellow today,joy,joy,0.9173
i feel like my only role now would be to tear your sails with my pessimism and discontent,sadness,sadness,0.8999
i feel just bcoz a fight we get mad to each other n u wanna make a publicity n let the world knows about our fight,anger,sadness,0.6175
i feel like reds and purples are just so rich and kind of perfect,joy,joy,0.9199
im not sure the feeling of loss will ever go away but it may dull to a sweet feeling of nostalgia at what i shared in this life with my dad and the luck i had to have a dad for years,sadness,love,0.6712
i feel like ive gotten to know many of you through comments and emails and for that im appreciative and glad you are a part of this little space,joy,joy,0.8426
i survey my own posts over the last few years and only feel pleased with vague snippets of a few of them only feel that little bits of them capture what its like to be me or someone like me in dublin in the st century,joy,joy,0.9336
i also tell you in hopes that anyone who is still feeling stigmatized or ashamed of their mental health issues will let go of the stigma let go of the shame,sadness,sadness,0.9052
i don t feel guilty like i m not going to be able to cook for him,sadness,sadness,0.9057
i hate it when i feel fearful for absolutely no reason,fear,fear,0.7726
i am feeling outraged it shows everywhere,anger,anger,0.8177
i stole a book from one of my all time favorite authors and now i feel like a rotten person,sadness,sadness,0.9093
i do feel insecure sometimes but who doesnt,fear,fear,0.7754
i highly recommend visiting on a wednesday if youre able because its less crowded so you get to ask the farmers more questions without feeling rude for holding up a line,anger,anger,0.7945
ive been missing him and feeling so restless at home thinking of him,fear,sadness,0.79
i posted on my facebook page earlier this week ive been feeling a little grumpy and out of sorts the past few days,anger,anger,0.683
i start to feel emotional,sadness,sadness,0.9286
i feel so cold a href http irish,anger,anger,0.7773
i feel like i m defective or something for not having baby fever,sadness,fear,0.5174
i feel more virtuous than when i eat veggies dipped in hummus,joy,joy,0.8876
i feel very honoured to be included in a magzine which prioritises health and clean living so highly im curious do any of you read magazines concerned with health and clean lifestyles such as the green parent,joy,joy,0.917
i spent the last two weeks of school feeling miserable,sadness,sadness,0.9463
im feeling very peaceful about our wedding again now after having,joy,joy,0.8678
i had been talking to coach claudia barcomb and coach ali boe for a long time and they both made me feel very welcomed at union,joy,joy,0.8691
i feel if i completely hated things i d exercise my democratic right speak my mind in what ever ways possible and try to enact a change,anger,anger,0.7891
i feel humiliated embarrassed or foolish i will remember that others have felt the same way because of the same kinds of things and i will be kind and helpful and accepting,sadness,sadness,0.9342
i feel reassured that i am dealing with my diet in the right way and that all is good,joy,joy,0.9064
i feel i have to agree with her even though i can imagine some rather unpleasant possible cases,sadness,sadness,0.9333
im in such a happy mood today i feel almost delighted and i havent done anything different today then i normally have it is wonderful,joy,joy,0.9317
im feeling really out of place and irritated,anger,anger,0.8227
i also know that i feel nothing than a friendly affection to them too,joy,joy,0.8563
i feel like i had a rather productive weekend and i cant always say that no matter how much i get done,joy,joy,0.926
im feeling insecure at the moment,fear,fear,0.7638
i was feeling pretty anxious all day but my first day at work was a very good day and that helped a lot,fear,fear,0.7939
i stood up to you i finally stood up to you and now i feel like im being punished if i could go back and do it again,sadness,sadness,0.8595
i feel a little nervous i go to the gym,fear,fear,0.8013
i feel like i could go into any situation and become successful because i ve been competing all my life explained schaub in an interview with the a href http bleacherreport,joy,joy,0.9037
i can t stop the anxiety i feel when i m alone when i ve got no distractions,sadness,anger,0.4678
im trying to feel out my house style now that im living on my own and have creative carte blanche,joy,joy,0.8408
i have tried to see what it would be like if i liked one of my girl friends but it has never really worked and i can only ever feel an emotional connection to them because they are my friends,sadness,sadness,0.9217
i had every intention of doing more gardening this morning while it was still cool but i was just feeling so rotten,sadness,sadness,0.8606
i have a good feeling about this so i am excited,joy,joy,0.9189
i feel like i am just starting to understand the blessings that come from being submissive to the will of the father,sadness,sadness,0.7103
i think about the things ive said and the stuff i have done it makes me feel disgusted in myself when i should be making you happy and smile which i was far from doing,anger,anger,0.8267
i woke up yesterday monday morning feeling a little depressed,sadness,sadness,0.9467
i feel so embarrassed,sadness,sadness,0.9359
i spent wandering around still kinda dazed and not feeling particularly sociable but because id been in hiding for a couple for days and it was getting to be a little unhealthy i made myself go down to the cross and hang out with folks,joy,love,0.314
i can honestly say that after each sistahs chat i feel invigorated and blessed,joy,joy,0.9198
i still feel stupid to be in that class this is all cause off pbss fault,sadness,sadness,0.9223
i feel a little stunned but can t imagine what the folks who were working in the studio up until this morning are feeling,surprise,surprise,0.4488
i admit im feeling a little bit unloved at this point,sadness,sadness,0.8978
i feel a bit stressed even though all the things i have going on are fun,anger,sadness,0.8003
im feeling pretty anxious,fear,fear,0.799
i feel shocked and sad at the fact that there are so many sick people,surprise,fear,0.3947
i think they have always been proponents of the idea and it is just slightly possible that his feelings for a particularly charming new england girl have brought him around to their way of thinking,joy,joy,0.7443
i feel like a naughty school girl because i am falling behind,love,love,0.3864
i am right handed however i play billiards left handed naturally so me trying to play right handed feels weird,surprise,surprise,0.4084
i can feel that they are kind friendly and can understand my feelings,joy,joy,0.8336
i were to go overseas or cross the border then i become a foreigner and will feel that way but never in my beloved land,love,love,0.5803
i feel disgusted in any man in power who talks about electricity being a problem in his area and says even my own house has similar problems,anger,anger,0.8287
i feel transcendant and splendid,joy,joy,0.9153
i finally arrived home a couple of hours later feeling somewhat exhausted dehydrated and even sun burnt,sadness,sadness,0.9453
i am feeling totally relaxed and comfy,joy,joy,0.9359
i want each of you to feel my gentle embrace,love,love,0.6655
i feel privileged in my world,joy,joy,0.9238
i am not a people person but for some fuckin reason people feel that they can come bore me with their fuckin petty garbage,anger,sadness,0.5899
i realized my mistake and i m really feeling terrible and thinking that i shouldn t do that,sadness,sadness,0.9212
i suppose i feel too trusting sometimes,joy,joy,0.8047
i came home waiting for the shower read something which made me upset thats why i feel discontent haha,sadness,sadness,0.9457
i woke up feeling crappy tired and fighting this feeling all day maybe it is all the pollen the barometric pressure i dont know i know i was off kilter,sadness,sadness,0.9467
i feel like i am in paradise kissing those sweet lips make me feel like i dive into a magical world of love,joy,joy,0.5921
i am feeling so happy,joy,joy,0.9049
i am running at an approximate minute pace which i feel is quite acceptable,joy,joy,0.9329
i feel so disappointed when my ex girlfriend doesn t call me back,sadness,sadness,0.9448
i have a feeling that people are using it more than they need to and enjoying the feeling as it flies carefree off the tongue but that is alright with me,joy,joy,0.9399
i am feeling uncertain of the merits of posting to this blog with the frequency or earnestness i had been over the previous year,fear,fear,0.8052
i just plain feel envious of the self confidence they had,anger,anger,0.564
i was feeling weird the other day and it went away about minutes after i took my metformin,fear,fear,0.42
when a friend dropped a frog down my neck,anger,sadness,0.7457
im feeling angry at someone i do something thoughtful for her and my feelings toward her soften,anger,anger,0.7679
i love neglecting this blog but sometimes i feel for my faithful readers,love,joy,0.511
i lay in bed feeling as though i were awaiting an unwelcome visitor nevertheless i told myself i was strong and thought of good things until i felt better,sadness,sadness,0.853
i feel my heart is tortured by what i have done,anger,anger,0.5771
i was still feeling weepy and strung out so maggie treated me to ice cream and a movie a href http www,sadness,sadness,0.8589
